date,time_utc,block,scheduled_tasks,status,completed,interruption_reason,notes
2026-05-24,22:00,night,Wind-down / sleep | Post-midnight creative (FUNNY pillar — if energy permits),sent,,,
2026-05-25,05:00,morning,"05:00–05:30 HONEY — Wake, coffee, high-protein breakfast | 05:30–08:30 FUNNY — RAP WORK (airplane mode) | 08:30–09:30 HONEY/SPIRIT — Planet Fitness (TESTING) or Devotional",sent,,,
2026-05-25,12:00,afternoon,"10:00–12:00 MONEY — CC NOW! Deep Work | 12:00–12:30 HONEY — Pescatarian Lunch | 13:00–15:00 HERMES — Admin Batch (delegation window) | 15:00–17:00 MONEY — Sales, marketing, outreach",sent,,,
2026-05-25,18:00,evening,17:00–19:00 MONEY — Learning / Ministry / La Fortaleza PR | 21:00–21:30 HERMES — Next-Day Prep + Hermes debrief | 21:30–22:00 HONEY — Honey Time / Wind-down,sent,,,
2026-05-25,22:01,night,Wind-down / sleep | Post-midnight creative (FUNNY pillar — if energy permits),sent,,,
2026-05-26,05:00,morning,"05:00–05:30 HONEY — Wake, coffee, high-protein breakfast | 05:30–08:30 FUNNY — RAP WORK (airplane mode) | 08:30–09:30 HONEY/SPIRIT — Planet Fitness (TESTING) or Devotional",sent,,,
2026-05-26,12:01,afternoon,"10:00–12:00 MONEY — CC NOW! Deep Work | 12:00–12:30 HONEY — Pescatarian Lunch | 13:00–15:00 HERMES — Admin Batch (delegation window) | 15:00–17:00 MONEY — Sales, marketing, outreach",sent,,,
2026-05-26,18:00,evening,17:00–19:00 MONEY — Learning / Ministry / La Fortaleza PR | 21:00–21:30 HERMES — Next-Day Prep + Hermes debrief | 21:30–22:00 HONEY — Honey Time / Wind-down,sent,,,
2026-05-26,22:00,night,Wind-down / sleep | Post-midnight creative (FUNNY pillar — if energy permits),sent,,,
2026-05-27,05:00,morning,"05:00–05:30 HONEY — Wake, coffee, high-protein breakfast | 05:30–08:30 FUNNY — RAP WORK (airplane mode) | 08:30–09:30 HONEY/SPIRIT — Planet Fitness (TESTING) or Devotional",sent,,,
2026-05-27,12:00,afternoon,"10:00–12:00 MONEY — CC NOW! Deep Work | 12:00–12:30 HONEY — Pescatarian Lunch | 13:00–15:00 HERMES — Admin Batch (delegation window) | 15:00–17:00 MONEY — Sales, marketing, outreach",sent,,,
2026-05-27,18:00,evening,17:00–19:00 MONEY — Learning / Ministry / La Fortaleza PR | 21:00–21:30 HERMES — Next-Day Prep + Hermes debrief | 21:30–22:00 HONEY — Honey Time / Wind-down,sent,,,
2026-05-27,22:00,night,Wind-down / sleep | Post-midnight creative (FUNNY pillar — if energy permits),sent,,,
